{
  "SubClassOf": 0,
  "<http://www.co-ode.org/ontologies/galen#hasStructuralComponent>": 1,
  "<http://www.co-ode.org/ontologies/galen#isImmediateConsequenceOf>": 2,
  "<http://www.co-ode.org/ontologies/galen#hasAppropriateness>": 3,
  "<http://www.co-ode.org/ontologies/galen#isFunctionOf>": 4,
  "<http://www.co-ode.org/ontologies/galen#hasPathologicalStatus>": 5,
  "<http://www.co-ode.org/ontologies/galen#hasAbsoluteState>": 6,
  "<http://www.co-ode.org/ontologies/galen#hasQuantity>": 7,
  "<http://www.co-ode.org/ontologies/galen#hasSpecificLocation>": 8,
  "<http://www.co-ode.org/ontologies/galen#isStructuralComponentOf>": 9,
  "<http://www.co-ode.org/ontologies/galen#isExistenceOf>": 10,
  "<http://www.co-ode.org/ontologies/galen#actsSpecificallyOn>": 11,
  "<http://www.co-ode.org/ontologies/galen#isToDetermine>": 12,
  "<http://www.co-ode.org/ontologies/galen#hasUniqueAssociatedStructure>": 13,
  "<http://www.co-ode.org/ontologies/galen#hasChemicalSubgroup>": 14,
  "<http://www.co-ode.org/ontologies/galen#isPartitiveConnectionOf>": 15,
  "<http://www.co-ode.org/ontologies/galen#hasBetaConnection>": 16,
  "<http://www.co-ode.org/ontologies/galen#hasAbnormalityStatus>": 17,
  "<http://www.co-ode.org/ontologies/galen#hasLeftRightSelector>": 18,
  "<http://www.co-ode.org/ontologies/galen#playsConsultationRole>": 19,
  "<http://www.co-ode.org/ontologies/galen#hasMedialLateralSelector>": 20,
  "<http://www.co-ode.org/ontologies/galen#hasFunction>": 21,
  "<http://www.co-ode.org/ontologies/galen#isStrengthOf>": 22,
  "<http://www.co-ode.org/ontologies/galen#isAlphaConnectionOf>": 23,
  "<http://www.co-ode.org/ontologies/galen#hasMagnitude>": 24,
  "<http://www.co-ode.org/ontologies/galen#isAnswerOf>": 25,
  "<http://www.co-ode.org/ontologies/galen#serves>": 26,
  "<http://www.co-ode.org/ontologies/galen#isSpecificStructuralComponentOf>": 27,
  "<http://www.co-ode.org/ontologies/galen#isActedOnBy>": 28,
  "<http://www.co-ode.org/ontologies/galen#IsDivisionOf>": 29,
  "<http://www.co-ode.org/ontologies/galen#isConsequenceOf>": 30,
  "<http://www.co-ode.org/ontologies/galen#hasSpecificStructuralComponent>": 31,
  "<http://www.co-ode.org/ontologies/galen#playsClinicalRole>": 32,
  "<http://www.co-ode.org/ontologies/galen#isDisplacementFrom>": 33,
  "<http://www.co-ode.org/ontologies/galen#hasUpperLowerSelector>": 34,
  "<http://www.co-ode.org/ontologies/galen#isSpecificSolidDivisionOf>": 35,
  "<http://www.co-ode.org/ontologies/galen#isTemperatureOf>": 36,
  "<http://www.co-ode.org/ontologies/galen#isActedOnSpecificallyBy>": 37,
  "<http://www.co-ode.org/ontologies/galen#hasSpecificFunction>": 38,
  "<http://www.co-ode.org/ontologies/galen#isPositionedProximalTo>": 39,
  "<http://www.co-ode.org/ontologies/galen#hasRadioluscence>": 40,
  "<http://www.co-ode.org/ontologies/galen#playsPhysiologicalRole>": 41,
  "<http://www.co-ode.org/ontologies/galen#hasAcquisitionMode>": 42,
  "<http://www.co-ode.org/ontologies/galen#hasAge>": 43,
  "<http://www.co-ode.org/ontologies/galen#hasSyndromeElement>": 44,
  "<http://www.co-ode.org/ontologies/galen#isLinearDivisionOf>": 45,
  "<http://www.co-ode.org/ontologies/galen#hasDiseaseProcessExtent>": 46,
  "<http://www.co-ode.org/ontologies/galen#hasSpecificConsequence>": 47,
  "<http://www.co-ode.org/ontologies/galen#LocativeAttribute>": 48,
  "<http://www.co-ode.org/ontologies/galen#isLocativelyContainedIn>": 49,
  "<http://www.co-ode.org/ontologies/galen#hasDuration>": 50,
  "<http://www.co-ode.org/ontologies/galen#isPositionedSuperficialTo>": 51,
  "<http://www.co-ode.org/ontologies/galen#hasSpecificProximity>": 52,
  "<http://www.co-ode.org/ontologies/galen#hasIntentionality>": 53,
  "<http://www.co-ode.org/ontologies/galen#hasProximity>": 54,
  "<http://www.co-ode.org/ontologies/galen#hasSpecificImmediateComplication>": 55,
  "<http://www.co-ode.org/ontologies/galen#isSpecificallyMadeOf>": 56,
  "<http://www.co-ode.org/ontologies/galen#isSpecificFunctionOf>": 57,
  "<http://www.co-ode.org/ontologies/galen#hasUniqueAssociatedProcess>": 58,
  "<http://www.co-ode.org/ontologies/galen#hasBranch>": 59,
  "<http://www.co-ode.org/ontologies/galen#isSpecificImmediateConsequenceOf>": 60,
  "<http://www.co-ode.org/ontologies/galen#isSurfaceDivisionOf>": 61,
  "<http://www.co-ode.org/ontologies/galen#isLayerOf>": 62,
  "<http://www.co-ode.org/ontologies/galen#isSpecificSurfaceDivisionOf>": 63,
  "<http://www.co-ode.org/ontologies/galen#isBetaConnectionOf>": 64,
  "<http://www.co-ode.org/ontologies/galen#hasSurfaceVisibility>": 65,
  "<http://www.co-ode.org/ontologies/galen#hasChangeInState>": 66,
  "<http://www.co-ode.org/ontologies/galen#hasLocation>": 67,
  "<http://www.co-ode.org/ontologies/galen#actsOn>": 68,
  "<http://www.co-ode.org/ontologies/galen#hasUniqueAssociatedDisplacement>": 69,
  "<http://www.co-ode.org/ontologies/galen#isPairedOrUnpaired>": 70,
  "<http://www.co-ode.org/ontologies/galen#hasSpecificSolidDivision>": 71,
  "<http://www.co-ode.org/ontologies/galen#boundsSpace>": 72,
  "<http://www.co-ode.org/ontologies/galen#isSolidDivisionOf>": 73,
  "<http://www.co-ode.org/ontologies/galen#nonPartitivelyContains>": 74,
  "<http://www.co-ode.org/ontologies/galen#playsNumericalRole>": 75,
  "<http://www.co-ode.org/ontologies/galen#isSpecificLayerOf>": 76,
  "<http://www.co-ode.org/ontologies/galen#isServedBy>": 77,
  "<http://www.co-ode.org/ontologies/galen#isBranchOf>": 78,
  "<http://www.co-ode.org/ontologies/galen#hasEffectiveness>": 79,
  "<http://www.co-ode.org/ontologies/galen#isSpaceDefinedBy>": 80,
  "<http://www.co-ode.org/ontologies/galen#partitivelyContains>": 81,
  "<http://www.co-ode.org/ontologies/galen#hasBilateralUnilateralSelector>": 82,
  "<http://www.co-ode.org/ontologies/galen#hasOrdinalPosition>": 83,
  "<http://www.co-ode.org/ontologies/galen#isConcentrationOf>": 84,
  "<http://www.co-ode.org/ontologies/galen#HasDivision>": 85,
  "<http://www.co-ode.org/ontologies/galen#hasImmediacy>": 86,
  "<http://www.co-ode.org/ontologies/galen#hasChronicity>": 87,
  "<http://www.co-ode.org/ontologies/galen#hasDonorOrigin>": 88,
  "<http://www.co-ode.org/ontologies/galen#isBetaPartitiveConnectionOf>": 89,
  "<http://www.co-ode.org/ontologies/galen#hasSuperiorInferiorSelector>": 90,
  "<http://www.co-ode.org/ontologies/galen#hasIntrinsicAbnormalityStatus>": 91,
  "<http://www.co-ode.org/ontologies/galen#hasPhysicalPresentation>": 92,
  "<http://www.co-ode.org/ontologies/galen#isAlphaPartitiveConnectionOf>": 93,
  "<http://www.co-ode.org/ontologies/galen#isMixedThroughout>": 94,
  "<http://www.co-ode.org/ontologies/galen#isSpecificConsequenceOf>": 95,
  "<http://www.co-ode.org/ontologies/galen#isWithReferenceTo>": 96,
  "<http://www.co-ode.org/ontologies/galen#isSpecificLinearDivisionOf>": 97,
  "<http://www.co-ode.org/ontologies/galen#hasTopology>": 98,
  "<http://www.co-ode.org/ontologies/galen#hasShapeAnalagousTo>": 99,
  "<http://www.co-ode.org/ontologies/galen#isHistoryOf>": 100,
  "<http://www.co-ode.org/ontologies/galen#hasAlphaConnection>": 101,
  "<http://www.co-ode.org/ontologies/galen#hasTemporalPattern>": 102,
  "<http://www.co-ode.org/ontologies/galen#hasSpecificLayer>": 103,
  "<http://www.co-ode.org/ontologies/galen#isSpecificLocationOf>": 104,
  "<http://www.co-ode.org/ontologies/galen#hasSurfaceDivision>": 105,
  "<http://www.co-ode.org/ontologies/galen#isPhysicalMeansOf>": 106,
  "<http://www.co-ode.org/ontologies/galen#isSpecificPhysicalMeansOf>": 107,
  "<http://www.co-ode.org/ontologies/galen#hasAnswer>": 108,
  "<http://www.co-ode.org/ontologies/galen#hasCellMorphology>": 109,
  "<http://www.co-ode.org/ontologies/galen#hasSubprocess>": 110,
  "<http://www.co-ode.org/ontologies/galen#hasPhenotypicalSex>": 111,
  "<http://www.co-ode.org/ontologies/galen#hasProcessActivity>": 112,
  "<http://www.co-ode.org/ontologies/galen#hasAssertedDiseaseClass>": 113,
  "<http://www.co-ode.org/ontologies/galen#isSymptomOf>": 114,
  "<http://www.co-ode.org/ontologies/galen#isMassOf>": 115,
  "<http://www.co-ode.org/ontologies/galen#InverseContainmentAttribute>": 116,
  "<http://www.co-ode.org/ontologies/galen#hasPalpability>": 117,
  "<http://www.co-ode.org/ontologies/galen#occursDuring>": 118,
  "<http://www.co-ode.org/ontologies/galen#isVolumeOf>": 119,
  "<http://www.co-ode.org/ontologies/galen#isRangeOf>": 120,
  "<http://www.co-ode.org/ontologies/galen#hasPhysicalState>": 121,
  "<http://www.co-ode.org/ontologies/galen#isFeatureOf>": 122,
  "<http://www.co-ode.org/ontologies/galen#hasColour>": 123,
  "<http://www.co-ode.org/ontologies/galen#hasConsequence>": 124,
  "<http://www.co-ode.org/ontologies/galen#specificallyServes>": 125,
  "<http://www.co-ode.org/ontologies/galen#isPositionedDistalTo>": 126,
  "<http://www.co-ode.org/ontologies/galen#isNonPartitivelyContainedIn>": 127,
  "<http://www.co-ode.org/ontologies/galen#isFrequencyOf>": 128,
  "<http://www.co-ode.org/ontologies/galen#hasSolidDivision>": 129,
  "<http://www.co-ode.org/ontologies/galen#hasEctopicSupernumeraryStatus>": 130,
  "<http://www.co-ode.org/ontologies/galen#playsSocialRole>": 131,
  "<http://www.co-ode.org/ontologies/galen#isLengthOf>": 132,
  "<http://www.co-ode.org/ontologies/galen#isSpecificallyNonPartitivelyContainedIn>": 133,
  "<http://www.co-ode.org/ontologies/galen#hasFractureComplexity>": 134,
  "<http://www.co-ode.org/ontologies/galen#isDiameterOf>": 135,
  "<http://www.co-ode.org/ontologies/galen#isMadeOf>": 136,
  "<http://www.co-ode.org/ontologies/galen#hasStructuralExtent>": 137,
  "<http://www.co-ode.org/ontologies/galen#hasColinearityWith>": 138,
  "<http://www.co-ode.org/ontologies/galen#hasIntrauterineBodyPosition>": 139,
  "<http://www.co-ode.org/ontologies/galen#hasRelationshipToWhole>": 140,
  "<http://www.co-ode.org/ontologies/galen#hasTumourHistology>": 141,
  "<http://www.co-ode.org/ontologies/galen#passesThrough>": 142,
  "<http://www.co-ode.org/ontologies/galen#hasSpecificImmediateConsequence>": 143,
  "<http://www.co-ode.org/ontologies/galen#isSpaceBoundedBy>": 144,
  "<http://www.co-ode.org/ontologies/galen#hasProximalDistalSelector>": 145,
  "<http://www.co-ode.org/ontologies/galen#isSubprocessOf>": 146,
  "<http://www.co-ode.org/ontologies/galen#isCountConcentrationOf>": 147,
  "<http://www.co-ode.org/ontologies/galen#specificallyPartitivelyContains>": 148,
  "<http://www.co-ode.org/ontologies/galen#isSyndromeElementOf>": 149,
  "<http://www.co-ode.org/ontologies/galen#hasTimingAppropriateness>": 150,
  "<http://www.co-ode.org/ontologies/galen#isPositionedPosteriorTo>": 151,
  "<http://www.co-ode.org/ontologies/galen#hasLinearDivision>": 152,
  "<http://www.co-ode.org/ontologies/galen#hasSpecificLinearDivision>": 153,
  "<http://www.co-ode.org/ontologies/galen#hasKnowledgeStatus>": 154,
  "<http://www.co-ode.org/ontologies/galen#isScopeOf>": 155,
  "<http://www.co-ode.org/ontologies/galen#isSpecificallyServedBy>": 156,
  "<http://www.co-ode.org/ontologies/galen#hasCompleteness>": 157,
  "<http://www.co-ode.org/ontologies/galen#hasSuperficialDeepSelector>": 158,
  "<http://www.co-ode.org/ontologies/galen#hasTreatmentStatus>": 159,
  "<http://www.co-ode.org/ontologies/galen#hasIntrinsicPathologicalStatus>": 160,
  "<http://www.co-ode.org/ontologies/galen#isColourOf>": 161,
  "<http://www.co-ode.org/ontologies/galen#hasBetaPartitiveConnection>": 162,
  "<http://www.co-ode.org/ontologies/galen#hasInvestigationResultStatus>": 163,
  "<http://www.co-ode.org/ontologies/galen#hasDistribution>": 164,
  "<http://www.co-ode.org/ontologies/galen#isSizeOf>": 165,
  "<http://www.co-ode.org/ontologies/galen#isPositionedDeepTo>": 166,
  "<http://www.co-ode.org/ontologies/galen#isInSuspensionWithin>": 167,
  "<http://www.co-ode.org/ontologies/galen#isPositionedBelow>": 168,
  "<http://www.co-ode.org/ontologies/galen#specificallyNonPartitivelyContains>": 169,
  "<http://www.co-ode.org/ontologies/galen#hasDissolvedWithin>": 170,
  "<http://www.co-ode.org/ontologies/galen#ContainmentAttribute>": 171,
  "<http://www.co-ode.org/ontologies/galen#locativelyContains>": 172,
  "<http://www.co-ode.org/ontologies/galen#isQuantityOf>": 173,
  "<http://www.co-ode.org/ontologies/galen#isPermeabilityOf>": 174,
  "<http://www.co-ode.org/ontologies/galen#hasPhysicalMeans>": 175,
  "<http://www.co-ode.org/ontologies/galen#involvesProcess>": 176,
  "<http://www.co-ode.org/ontologies/galen#hasImplantability>": 177,
  "<http://www.co-ode.org/ontologies/galen#hasInnerOuterSelector>": 178,
  "<http://www.co-ode.org/ontologies/galen#hasImmediateConsequence>": 179,
  "<http://www.co-ode.org/ontologies/galen#hasIonisationFeature>": 180,
  "<http://www.co-ode.org/ontologies/galen#isProcessActivityOf>": 181,
  "<http://www.co-ode.org/ontologies/galen#isConnectionOf>": 182,
  "<http://www.co-ode.org/ontologies/galen#hasFunctionalComponent>": 183,
  "<http://www.co-ode.org/ontologies/galen#hasMetastaticStatus>": 184,
  "<http://www.co-ode.org/ontologies/galen#hasInternalExternalSelector>": 185,
  "<http://www.co-ode.org/ontologies/galen#makesUp>": 186,
  "<http://www.co-ode.org/ontologies/galen#hasEpithelialLayering>": 187,
  "<http://www.co-ode.org/ontologies/galen#hasAnteriorPosteriorSelector>": 188,
  "<http://www.co-ode.org/ontologies/galen#isFunctionalComponentOf>": 189,
  "<http://www.co-ode.org/ontologies/galen#isDisplacementTo>": 190,
  "<http://www.co-ode.org/ontologies/galen#isMultipleOf>": 191,
  "<http://www.co-ode.org/ontologies/galen#hasRigidity>": 192,
  "<http://www.co-ode.org/ontologies/galen#hasSpecificPhysicalMeans>": 193,
  "<http://www.co-ode.org/ontologies/galen#hasSignalAmplitude>": 194,
  "<http://www.co-ode.org/ontologies/galen#hasSurgicalExtent>": 195,
  "<http://www.co-ode.org/ontologies/galen#follows>": 196,
  "<http://www.co-ode.org/ontologies/galen#hasVolume>": 197,
  "<http://www.co-ode.org/ontologies/galen#isMainlyCharacterisedBy>": 198,
  "<http://www.co-ode.org/ontologies/galen#isDivergentWith>": 199,
  "<http://www.co-ode.org/ontologies/galen#hasDorsalVentralSelector>": 200,
  "<http://www.co-ode.org/ontologies/galen#isDissolvedWithin>": 201,
  "<http://www.co-ode.org/ontologies/galen#hasShape>": 202,
  "<http://www.co-ode.org/ontologies/galen#hasPatency>": 203,
  "<http://www.co-ode.org/ontologies/galen#hasSpecificSubprocess>": 204,
  "<http://www.co-ode.org/ontologies/galen#isNonCausallyLinkedTo>": 205,
  "<http://www.co-ode.org/ontologies/galen#isSpecificPhaseOf>": 206,
  "<http://www.co-ode.org/ontologies/galen#hasPowerSource>": 207,
  "<http://www.co-ode.org/ontologies/galen#hasMultipleLocation>": 208,
  "<http://www.co-ode.org/ontologies/galen#hasTreatmentTractability>": 209,
  "<http://www.co-ode.org/ontologies/galen#connects>": 210,
  "<http://www.co-ode.org/ontologies/galen#specificallyMakesUp>": 211,
  "<http://www.co-ode.org/ontologies/galen#isSymptomCharacterOf>": 212,
  "<http://www.co-ode.org/ontologies/galen#isPositionedInferiorTo>": 213,
  "<http://www.co-ode.org/ontologies/galen#isSignalFrequencyOf>": 214,
  "<http://www.co-ode.org/ontologies/galen#isEtaConnectionOf>": 215,
  "<http://www.co-ode.org/ontologies/galen#hasLayer>": 216,
  "<http://www.co-ode.org/ontologies/galen#hasOverlappingStatus>": 217,
  "<http://www.co-ode.org/ontologies/galen#hasSpecificGoal>": 218,
  "<http://www.co-ode.org/ontologies/galen#hasScope>": 219,
  "<http://www.co-ode.org/ontologies/galen#hasMajorMinorSelector>": 220,
  "<http://www.co-ode.org/ontologies/galen#hasCountability>": 221,
  "<http://www.co-ode.org/ontologies/galen#definesSpace>": 222,
  "<http://www.co-ode.org/ontologies/galen#hasDominance>": 223,
  "<http://www.co-ode.org/ontologies/galen#isCellMorphologyOf>": 224,
  "<http://www.co-ode.org/ontologies/galen#isToughnessOf>": 225,
  "<http://www.co-ode.org/ontologies/galen#hasSymptomCharacter>": 226,
  "<http://www.co-ode.org/ontologies/galen#isGammaConnectionOf>": 227,
  "<http://www.co-ode.org/ontologies/galen#hasSeverity>": 228,
  "<http://www.co-ode.org/ontologies/galen#isPositionedSuperiorTo>": 229,
  "<http://www.co-ode.org/ontologies/galen#hasDiameter>": 230,
  "<http://www.co-ode.org/ontologies/galen#hasClinicalAppearance>": 231,
  "<http://www.co-ode.org/ontologies/galen#hasSpecificPhase>": 232,
  "<http://www.co-ode.org/ontologies/galen#hasEpithelialCiliation>": 233,
  "<http://www.co-ode.org/ontologies/galen#hasChemicalProcessType>": 234,
  "<http://www.co-ode.org/ontologies/galen#isQualityOf>": 235,
  "<http://www.co-ode.org/ontologies/galen#hasSpeed>": 236,
  "<http://www.co-ode.org/ontologies/galen#hasDrugFeature>": 237,
  "<http://www.co-ode.org/ontologies/galen#isDeltaConnectionOf>": 238,
  "<http://www.co-ode.org/ontologies/galen#hasUnit>": 239,
  "<http://www.co-ode.org/ontologies/galen#hasSpecificSurfaceDivision>": 240,
  "<http://www.co-ode.org/ontologies/galen#isSpecificAnswerOf>": 241,
  "<http://www.co-ode.org/ontologies/galen#hasMass>": 242,
  "<http://www.co-ode.org/ontologies/galen#hasTasteFeature>": 243,
  "<http://www.co-ode.org/ontologies/galen#isDrynessOf>": 244,
  "<http://www.co-ode.org/ontologies/galen#isOdourOf>": 245,
  "<http://www.co-ode.org/ontologies/galen#isLocationOf>": 246,
  "<http://www.co-ode.org/ontologies/galen#hasAlphaPartitiveConnection>": 247,
  "<http://www.co-ode.org/ontologies/galen#hasSquintConcomitance>": 248,
  "<http://www.co-ode.org/ontologies/galen#hasFeature>": 249,
  "<http://www.co-ode.org/ontologies/galen#hasPersonalityType>": 250,
  "<http://www.co-ode.org/ontologies/galen#hasAnteroRetrogradeSelector>": 251,
  "<http://www.co-ode.org/ontologies/galen#isEnactmentOf>": 252,
  "<http://www.co-ode.org/ontologies/galen#hasTimeOfOccurrence>": 253,
  "<http://www.co-ode.org/ontologies/galen#isCausallyLinkedTo>": 254,
  "<http://www.co-ode.org/ontologies/galen#hasSolubility>": 255,
  "<http://www.co-ode.org/ontologies/galen#hasTemperature>": 256,
  "<http://www.co-ode.org/ontologies/galen#hasPartitiveConnection>": 257,
  "<http://www.co-ode.org/ontologies/galen#hasGeneticZygocity>": 258,
  "<http://www.co-ode.org/ontologies/galen#hasSkullFractureType>": 259,
  "<http://www.co-ode.org/ontologies/galen#hasUsefulness>": 260,
  "<http://www.co-ode.org/ontologies/galen#isTemporalPatternOf>": 261,
  "<http://www.co-ode.org/ontologies/galen#StatusAttribute>": 262,
  "<http://www.co-ode.org/ontologies/galen#isSynchronicityOf>": 263,
  "<http://www.co-ode.org/ontologies/galen#hasCoherence>": 264,
  "<http://www.co-ode.org/ontologies/galen#hasQuality>": 265,
  "<http://www.co-ode.org/ontologies/galen#hasDimension>": 266,
  "<http://www.co-ode.org/ontologies/galen#hasDiseaseCourseStage>": 267,
  "<http://www.co-ode.org/ontologies/galen#hasUrgency>": 268,
  "<http://www.co-ode.org/ontologies/galen#isEnergyAmountOf>": 269,
  "<http://www.co-ode.org/ontologies/galen#hasSurgicalOpenClosedness>": 270,
  "<http://www.co-ode.org/ontologies/galen#hasSpontaneity>": 271,
  "<http://www.co-ode.org/ontologies/galen#isConsistencyOf>": 272,
  "<http://www.co-ode.org/ontologies/galen#hasSpecificPersonPerforming>": 273,
  "<http://www.co-ode.org/ontologies/galen#hasLongBoneFractureType>": 274,
  "<http://www.co-ode.org/ontologies/galen#isPartitivelyContainedIn>": 275,
  "<http://www.co-ode.org/ontologies/galen#isBodyPositionOf>": 276,
  "<http://www.co-ode.org/ontologies/galen#hasExistence>": 277,
  "<http://www.co-ode.org/ontologies/galen#isSpecificallyToDetermine>": 278,
  "<http://www.co-ode.org/ontologies/galen#isCompositeWithComponent>": 279,
  "<http://www.co-ode.org/ontologies/galen#hasContextOfUse>": 280,
  "<http://www.co-ode.org/ontologies/galen#isConvergentWith>": 281,
  "<http://www.co-ode.org/ontologies/galen#isVerticalDepthOf>": 282,
  "<http://www.co-ode.org/ontologies/galen#isPressureOf>": 283,
  "<http://www.co-ode.org/ontologies/galen#isNotParallelTo>": 284,
  "<http://www.co-ode.org/ontologies/galen#isSpecificLateConsequenceOf>": 285,
  "<http://www.co-ode.org/ontologies/galen#isDeterminedBy>": 286,
  "<http://www.co-ode.org/ontologies/galen#isSpecificFunctionalComponentOf>": 287,
  "<http://www.co-ode.org/ontologies/galen#isSoundTimbreOf>": 288,
  "<http://www.co-ode.org/ontologies/galen#hasUsualReporter>": 289,
  "<http://www.co-ode.org/ontologies/galen#hasOcclusalNonOcclusalSelector>": 290,
  "<http://www.co-ode.org/ontologies/galen#isCharacterisedBy>": 291,
  "<http://www.co-ode.org/ontologies/galen#isFollowedBy>": 292,
  "<http://www.co-ode.org/ontologies/galen#hasOdour>": 293,
  "<http://www.co-ode.org/ontologies/galen#hasVisceralParietalSelector>": 294,
  "<http://www.co-ode.org/ontologies/galen#hasGoal>": 295,
  "<http://www.co-ode.org/ontologies/galen#hasIngredient>": 296,
  "<http://www.co-ode.org/ontologies/galen#hasNodularity>": 297,
  "<http://www.co-ode.org/ontologies/galen#hasExpectedLevelState>": 298,
  "<http://www.co-ode.org/ontologies/galen#hasTrendInState>": 299,
  "<http://www.co-ode.org/ontologies/galen#isPositionedLateralTo>": 300,
  "<http://www.co-ode.org/ontologies/galen#isGammaPartitiveConnectionOf>": 301,
  "<http://www.co-ode.org/ontologies/galen#isPositionedAbove>": 302,
  "<http://www.co-ode.org/ontologies/galen#hasDryness>": 303,
  "<http://www.co-ode.org/ontologies/galen#hasSize>": 304,
  "<http://www.co-ode.org/ontologies/galen#hasReversibility>": 305,
  "<http://www.co-ode.org/ontologies/galen#hasMixedThroughout>": 306,
  "<http://www.co-ode.org/ontologies/galen#isCapabilityOf>": 307,
  "<http://www.co-ode.org/ontologies/galen#hasPersonPerforming>": 308,
  "<http://www.co-ode.org/ontologies/galen#isSpeedOf>": 309,
  "<http://www.co-ode.org/ontologies/galen#isEpsilonConnectionOf>": 310,
  "<http://www.co-ode.org/ontologies/galen#hasDirectionOfTransport>": 311,
  "<http://www.co-ode.org/ontologies/galen#isLateConsequenceOf>": 312,
  "<http://www.co-ode.org/ontologies/galen#hasConfidenceLevelStatus>": 313,
  "<http://www.co-ode.org/ontologies/galen#isDurationOf>": 314,
  "<http://www.co-ode.org/ontologies/galen#isRigidityOf>": 315,
  "<http://www.co-ode.org/ontologies/galen#isBlindPouchDivisionOf>": 316,
  "<http://www.co-ode.org/ontologies/galen#isPigmentationOf>": 317,
  "<http://www.co-ode.org/ontologies/galen#isSpecificallyPartitivelyContainedIn>": 318,
  "<http://www.co-ode.org/ontologies/galen#hasPresenceAbsence>": 319,
  "<http://www.co-ode.org/ontologies/galen#hasClinicalSpeciality>": 320,
  "<http://www.co-ode.org/ontologies/galen#hasNonPartitiveConnection>": 321,
  "<http://www.co-ode.org/ontologies/galen#hasCentralPeripheralSelector>": 322,
  "<http://www.co-ode.org/ontologies/galen#InverseTemporalModifierAttribute>": 323,
  "<http://www.co-ode.org/ontologies/galen#hasTransparency>": 324,
  "<http://www.co-ode.org/ontologies/galen#playsRelativeImportanceRole>": 325,
  "<http://www.co-ode.org/ontologies/galen#isDensityOf>": 326,
  "<http://www.co-ode.org/ontologies/galen#hasParity>": 327,
  "<http://www.co-ode.org/ontologies/galen#hasDevelopmentalStatus>": 328,
  "<http://www.co-ode.org/ontologies/galen#hasPigmentation>": 329,
  "<http://www.co-ode.org/ontologies/galen#hasInstructionStatus>": 330,
  "<http://www.co-ode.org/ontologies/galen#isDistributionOf>": 331,
  "<http://www.co-ode.org/ontologies/galen#hasSynchronicity>": 332,
  "<http://www.co-ode.org/ontologies/galen#isShapeOf>": 333,
  "<http://www.co-ode.org/ontologies/galen#isPositionedAnteriorTo>": 334,
  "<http://www.co-ode.org/ontologies/galen#isTextureOf>": 335,
  "<http://www.co-ode.org/ontologies/galen#hasEase>": 336,
  "<http://www.co-ode.org/ontologies/galen#hasNonCausalLinkTo>": 337,
  "<http://www.co-ode.org/ontologies/galen#hasGait>": 338,
  "<http://www.co-ode.org/ontologies/galen#hasReusability>": 339,
  "<http://www.co-ode.org/ontologies/galen#hasGreaterLesserSelector>": 340,
  "<http://www.co-ode.org/ontologies/galen#hasInstructionConditionalStatus>": 341,
  "<http://www.co-ode.org/ontologies/galen#isAcuityOf>": 342,
  "<http://www.co-ode.org/ontologies/galen#hasFrequency>": 343,
  "<http://www.co-ode.org/ontologies/galen#hasViability>": 344,
  "<http://www.co-ode.org/ontologies/galen#isEffectivenessOf>": 345,
  "<http://www.co-ode.org/ontologies/galen#hasPermanence>": 346,
  "<http://www.co-ode.org/ontologies/galen#hasVerticalDepth>": 347,
  "<http://www.co-ode.org/ontologies/galen#hasInSuspensionWithin>": 348,
  "<http://www.co-ode.org/ontologies/galen#isSeverityOf>": 349,
  "<http://www.co-ode.org/ontologies/galen#isAssociatedWith>": 350,
  "<http://www.co-ode.org/ontologies/galen#isPositionedMedialTo>": 351,
  "<http://www.co-ode.org/ontologies/galen#hasRange>": 352,
  "<http://www.co-ode.org/ontologies/galen#isPersonPerforming>": 353,
  "<http://www.co-ode.org/ontologies/galen#hasEtaConnection>": 354,
  "<http://www.co-ode.org/ontologies/galen#hasIndicationStatus>": 355,
  "<http://www.co-ode.org/ontologies/galen#isNonPartitiveConnectionOf>": 356,
  "<http://www.co-ode.org/ontologies/galen#isSpecificGoalOf>": 357,
  "<http://www.co-ode.org/ontologies/galen#hasAdjustability>": 358,
  "<http://www.co-ode.org/ontologies/galen#hasCausalLinkTo>": 359,
  "<http://www.co-ode.org/ontologies/galen#isSpecificSubprocessOf>": 360,
  "<http://www.co-ode.org/ontologies/galen#isPresenceAbsenceOf>": 361,
  "<http://www.co-ode.org/ontologies/galen#hasDiseaseAnalogy>": 362,
  "<http://www.co-ode.org/ontologies/galen#hasSexualMaturation>": 363,
  "<http://www.co-ode.org/ontologies/galen#hasToughness>": 364,
  "<http://www.co-ode.org/ontologies/galen#isSpecificComplicationOf>": 365,
  "<http://www.co-ode.org/ontologies/galen#hasSimpleComplexSelector>": 366,
  "<http://www.co-ode.org/ontologies/galen#hasBlindPouchDivision>": 367,
  "<http://www.co-ode.org/ontologies/galen#playsPathologicalRole>": 368,
  "<http://www.co-ode.org/ontologies/galen#actsSpecificallyAtLevel>": 369,
  "<http://www.co-ode.org/ontologies/galen#hasSpecificFunctionalComponent>": 370,
  "<http://www.co-ode.org/ontologies/galen#hasFormulationComplex>": 371,
  "<http://www.co-ode.org/ontologies/galen#isSignalAmplitudeOf>": 372,
  "<http://www.co-ode.org/ontologies/galen#hasGravidity>": 373,
  "<http://www.co-ode.org/ontologies/galen#hasBeneficialStatus>": 374,
  "<http://www.co-ode.org/ontologies/galen#hasSensitivity>": 375,
  "<http://www.co-ode.org/ontologies/galen#isGoalOf>": 376,
  "<http://www.co-ode.org/ontologies/galen#isAbsoluteStateOf>": 377,
  "<http://www.co-ode.org/ontologies/galen#hasAnaesthesia>": 378,
  "<http://www.co-ode.org/ontologies/galen#isDimensionOf>": 379,
  "<http://www.co-ode.org/ontologies/galen#hasExposureTo>": 380,
  "<http://www.co-ode.org/ontologies/galen#isSpecificProximityOf>": 381,
  "<http://www.co-ode.org/ontologies/galen#hasNumber>": 382,
  "<http://www.co-ode.org/ontologies/galen#hasProminence>": 383,
  "<http://www.co-ode.org/ontologies/galen#isSensitivityOf>": 384,
  "<http://www.co-ode.org/ontologies/galen#isExposedTo>": 385,
  "<http://www.co-ode.org/ontologies/galen#hasMalignancy>": 386,
  "<http://www.co-ode.org/ontologies/galen#hasMotionSmoothness>": 387,
  "<http://www.co-ode.org/ontologies/galen#isComplicationOf>": 388,
  "<http://www.co-ode.org/ontologies/galen#hasRevisionStatus>": 389,
  "<http://www.co-ode.org/ontologies/galen#hasParadoxicalStatus>": 390,
  "<http://www.co-ode.org/ontologies/galen#hasTexture>": 391,
  "<http://www.co-ode.org/ontologies/galen#hasSuddeness>": 392,
  "<http://www.co-ode.org/ontologies/galen#hasParallelToIt>": 393,
  "<http://www.co-ode.org/ontologies/galen#isSpecificPersonPerforming>": 394,
  "<http://www.co-ode.org/ontologies/galen#isThetaConnectionOf>": 395,
  "<http://www.co-ode.org/ontologies/galen#isDrugFeatureOf>": 396
}